tic_id,toi_id,Disposition,RA,Dec,Tmag,Tmag Err,Epoc,Epoc Err,Period,Period Err,Duration,Duration Err
231663901,101.01,PC,318.736981,-55.87178,12.352,0.034,1326.008874,0.000339,1.430401,3.20E-05,1.638765,0.026081
149603524,102.01,PC,87.139956,-63.988427,9.716,0.018,1326.07657,0.00013,4.4121,1.00E-05,3.702,0.017
336732616,103.01,PC,312.457438,-24.428796,11.464,0.018,1327.25256,0.000586,3.547854,0.000149,3.494333,0.049205
231670397,104.01,PC,319.949611,-58.148876,9.848,0.018,1327.673462,0.000842,4.087445,0.000239,5.59014,0.066407
144065872,105.01,PC,337.457199,-48.003087,9.48,0.02,1326.50599,0.000156,2.184659,2.30E-05,2.869426,0.012752
38846515,106.01,PC,68.959732,-64.02704,10.307,0.019,1326.74502,0.000459,2.84938,0.000129,3.760389,0.036369
92352620,107.01,PC,313.783108,-34.135572,9.639,0.019,1328.29934,0.000307,3.950054,8.80E-05,4.557506,0.023461
289793076,108.01,PC,316.961466,-26.09666,13.096,0.017,1328.084864,0.000922,3.043839,0.000202,2.660993,0.073265
29344935,109.01,PC,313.21548,-25.687338,13.18,0.019,1326.127529,0.001296,2.766737,0.000254,2.568721,0.112022
281459670,110.01,PC,5.618692,-59.942551,11.632,0.018,1328.040464,0.000446,3.174305,4.40E-05,2.723339,0.030983
355703913,111.01,PC,0.774485,-62.469342,13.129,0.018,1326.106369,0.001084,2.106098,6.90E-05,1.574766,0.083967
388104525,112.01,PC,55.93344,-65.193856,11.547,0.018,1327.409511,0.000267,2.499802,2.20E-05,2.87254,0.022436
97409519,113.01,PC,332.714323,-30.749674,12.143,0.018,1327.053085,0.000623,3.372877,0.000147,2.63426,0.043644
25155310,114.01,PC,63.37389,-69.226789,10.555,0.018,1327.51895,0.0003,3.28891,2.00E-05,3.362,0.036
281541555,115.01,PC,6.702439,-56.316124,12.98,0.018,1329.90069,0.001812,4.742745,0.000262,2.408768,0.137056
238176110,116.01,PC,357.84526,-70.152863,10.991,0.019,1326.689274,0.00026,2.798594,4.90E-05,2.366459,0.022664
322307342,117.01,PC,15.005896,-58.90478,11.734,0.019,1328.4809,0.00133,3.5855,0.00038,3.173,0.123
266980320,118.01,PC,349.556843,-56.903885,9.154,0.017,1329.199631,0.001235,6.036061,0.000637,2.123832,0.09961
278683844,119.01,PC,99.237983,-58.015237,9.234,0.018,1327.614054,0.003069,5.541738,0.000551,2.967805,0.190057
278683844,119.02,PC,99.237983,-58.015237,9.234,0.018,1328.037451,0.00493,10.694535,0.00162,3.376284,0.295038
394137592,120.01,PC,4.446408,-66.358985,7.144,0.03,1332.082805,0.000707,11.535076,0.001035,8.555958,0.069027
207081058,121.01,PC,331.867232,-41.815456,9.929,0.019,1336.139719,0.00037,14.775056,0.000529,5.449073,0.03672
231702397,122.01,PC,332.947,-58.9451,13.048,0.04,1329.121491,0.002308,5.077677,0.000878,1.155359,0.447793
290131778,123.01,PC,319.6994,-26.616077,8.803,0.018,1325.375658,0.000473,3.308754,0.000101,5.634728,0.031274
29831208,124.01,PC,66.582618,-67.806508,11.04,0.018,1326.544424,0.001148,1.84286,4.60E-05,1.719758,0.104861
52368076,125.01,PC,23.594697,-66.67583,10.138,0.017,1327.432906,0.001879,4.653811,0.000289,2.921928,0.288457
52368076,125.02,PC,23.594697,-66.67583,10.138,0.017,1334.45669,0.002132,9.150607,0.00073,2.907668,0.380794
52368076,125.03,PC,23.594697,-66.67583,10.138,0.017,1342.851835,0.003286,19.981866,0.004595,2.991231,0.720831
70440470,126.01,PC,339.489337,-35.153982,12.725,0.018,1326.731043,0.000948,3.035381,0.000203,2.886722,0.077295
234523599,127.01,PC,15.551099,-61.756001,14.097,0.018,1325.650197,0.000565,3.795609,6.90E-05,2.042805,0.04323
391949880,128.01,PC,79.522476,-80.964663,7.9,0.017,1328.129344,0.001912,4.940663,0.000654,2.202493,0.278214
201248411,129.01,PC,0.187097,-54.830506,9.82357,0.016928,1354.552404,0.000149,0.980981,1.00E-05,0.743316,0.014155
263003176,130.01,PC,12.541184,-83.743964,7.426,0.019,1336.559583,0.002205,14.339928,0.003271,4.653356,0.530555
235037761,131.01,PC,353.826767,-64.561769,9.737,0.018,1326.068952,0.000449,6.240662,0.000179,1.569129,0.040222
89020549,132.01,PC,338.39942,-43.436628,10.803,0.018,1326.903983,0.001768,2.109307,0.00025,2.068328,0.357938
219338557,133.01,PC,354.395739,-58.954636,9.883,0.018,1327.291396,0.002752,8.1952,0.001473,2.309555,0.457632
234994474,134.01,PC,350.0313,-60.0652,9.169,0.019,1326.033176,0.001456,1.401461,0.000137,1.264937,0.207902
267263253,135.01,PC,7.328937,-76.304075,9.213,0.019,1325.783759,0.000208,4.126904,5.70E-05,4.492686,0.016126
410153553,136.01,PC,340.4921,-69.169,11.877,0.064,1325.72603,0.000322,0.46291,1.10E-05,0.520794,0.106125
176957796,137.01,PC,101.297297,-66.238034,10.642,0.018,1327.369003,0.004306,4.819018,0.001436,3.035372,0.275922
277683130,138.01,PC,328.926194,-61.673286,9.534,0.018,1328.058635,0.000797,6.198041,0.000348,2.176782,0.055149
62483237,139.01,PC,336.402307,-34.909623,9.295,0.02,1334.896388,0.001811,11.058421,0.00257,2.136519,0.327214
140068425,140.01,PC,330.301574,-49.060026,9.806,0.041,1327.399305,0.001311,2.28139,0.000207,0.859711,0.116683
403224672,141.01,PC,338.984609,-59.864489,7.358,0.018,1325.538528,0.001209,1.007908,8.50E-05,1.534232,0.161406
425934411,142.01,PC,4.60579,-62.847886,14.672,0.018,1325.489793,0.000851,0.853319,2.40E-05,1.139772,0.074358
25375553,143.01,PC,328.767654,-22.612566,9.772,0.019,1325.58249,0.000343,2.310894,5.50E-05,3.422324,0.025078
261136679,144.01,PC,84.291198,-80.469143,5.097,0.063,1325.503694,0.003021,6.266571,0.001314,3.093161,0.20533
265612438,145.01,PC,333.174746,-55.978763,11.635,0.019,1327.04953,0.00317,5.12944,0.00132,4.832,0.202
355636844,146.01,PC,358.301495,-56.01304,10.241,0.019,1330.55618,0.00445,6.29632,0.00401,2.938,0.305
220435095,147.01,PC,73.6414,-57.513557,11.818,0.018,1326.61107,0.00143,3.42316,0.00033,1.95,0.406
393940766,148.01,PC,338.320677,-38.159717,11.727,0.018,1327.33133,0.00241,4.8661,0.00101,3.215,0.228
260985861,149.01,PC,76.635855,-80.768181,10.14,0.018,1327.40226,0.002,3.34024,0.00049,4.077,0.323
271893367,150.01,PC,112.965695,-73.606125,10.865,0.019,1326.27838,0.00139,5.85758,0.00053,5.818,0.107
382302241,151.01,PC,83.348955,-58.745231,10.976,0.018,1326.04926,0.00331,1.59783,0.00034,1.49,0.296
403287048,152.01,PC,332.357821,-62.333998,11.28,0.018,1327.92337,0.00494,7.00776,0.00315,2.68,0.824
231081369,153.01,PC,68.073647,-66.916366,11.686,0.018,1329.84791,0.00204,7.63227,0.00108,1.656,0.427
389525208,154.01,PC,313.261485,-38.59487,10.044,0.019,1329.35996,0.00111,6.74709,0.00067,2.343,0.136
129637892,155.01,PC,321.114974,-37.850144,9,0.02,1326.74444,0.0038,5.43636,0.00194,5.974,0.257
220518305,156.01,PC,41.467255,-64.320724,10.277,0.019,1336.13203,0.00186,14.14893,0.00189,3.765,0.23
140691463,157.01,PC,73.701279,-76.680516,11.976,0.018,1326.54604,0.00053,2.08457,9.00E-05,1.788,0.046
403136413,158.01,PC,333.578639,-55.379022,11.18,0.018,1326.37811,0.00219,2.51266,0.00045,2.411,0.173
394657039,159.01,PC,51.781947,-78.549812,10.477,0.018,1328.63687,0.00055,3.76276,0.00019,4.108,0.076
253917293,160.01,PC,337.500659,-31.924254,11.233,0.018,1327.37627,0.00284,4.608,0.001,3.383,0.758
348770361,161.01,PC,46.68608,-82.316422,11.419,0.018,1325.70292,0.00212,2.76898,0.00047,4.619,0.289
99493790,162.01,PC,317.639656,-23.305696,11.617,0.018,1332.98188,0.00071,7.76686,0.00094,3.291,0.097
179317684,163.01,PC,79.768168,-71.895588,10.843,0.018,1328.87975,0.00102,4.23163,0.00036,4.232,0.071
79395355,164.01,PC,320.054165,-51.309907,11.388,0.019,1328.33733,0.00377,7.31898,0.00224,3.771,0.886
350743714,165.01,PC,88.885933,-57.290593,9.789,0.024,1388.296648,0.000774,7.76178,0.001112,3.494972,0.066196
147203645,166.01,PC,323.195894,-44.017794,10.696,0.018,1326.38424,0.0021,5.06187,0.00094,1.247,0.243
149990841,167.01,PC,90.662314,-64.819485,11.57,0.018,1328.03406,0.00146,4.45339,0.00055,2.164,0.267
369457671,168.01,PC,311.643495,-37.904371,11.419,0.018,1326.49996,0.00403,2.31257,0.00078,1.459,0.202
183120439,169.01,PC,16.7783,-75.198873,11.742,0.018,1327.43797,0.00103,2.25596,0.00014,1.134,0.053
394698182,170.01,PC,54.988393,-83.088557,11.928,0.019,1325.51317,0.00085,3.7118,0.00021,2.747,0.093
309257814,171.01,PC,124.269511,-63.213478,11.541,0.019,1326.40275,0.00096,1.23855,9.00E-05,1.82,0.188
29857954,172.01,PC,316.631883,-26.69262,10.711,0.019,1326.91973,0.00529,9.47572,0.00316,4.709,0.382
270341214,173.01,PC,33.458316,-80.582809,8.866,0.018,1333.41089,0.000959,NaN,NaN,7.943456,0.110177
425997655,174.01,PC,55.459877,-62.767049,8.69687,0.018031,1342.994583,0.001819,17.668189,0.001413,2.745577,0.298883
425997655,174.02,PC,55.459877,-62.767049,8.69687,0.018031,1340.303729,0.002602,29.797713,0.001995,2.956428,0.37789
425997655,174.03,PC,55.459877,-62.767049,8.69687,0.018031,1335.733561,0.009855,12.166894,0.004979,3.762924,0.660261
425997655,174.04,PC,55.459877,-62.767049,8.69687,0.018031,1326.029824,0.003407,3.976337,0.000299,1.591158,0.203994
307210830,175.01,PC,124.5319,-68.313,9.393,0.009,1356.203764,0.000855,3.690613,0.00023,1.267582,0.215477
307210830,175.02,PC,124.5319,-68.313,9.393,0.009,1355.2864,0.001047,7.451113,0.000568,0.835565,0.141109
307210830,175.03,PC,124.5319,-68.313,9.393,0.009,1354.906208,0.001878,2.253014,0.000285,1.018501,0.392408
272086159,176.01,PC,115.0034,-72.2077,13.404,0.04,1363.04625,0.00081,16.15427,0.00013,1.608,0.132
262530407,177.01,PC,20.4391,-46.7144,9.438,0.016,1356.153,0.000649,2.853133,6.60E-05,1.264674,0.13067
251848941,178.01,PC,7.30125,-30.453734,10.351,0.017,1360.242325,0.00238,6.558054,0.00129,2.233632,0.32997
251848941,178.02,PC,7.30125,-30.453734,10.351,0.017,1354.55219,0.004083,10.354252,0.003165,2.236524,0.274134
251848941,178.03,PC,7.30125,-30.453734,10.351,0.017,1362.953314,0.003512,9.955936,0.005123,2.521805,0.662672
207141131,179.01,PC,44.262259,-56.192071,8.141,0.017,1354.588395,0.000649,4.137394,9.60E-05,1.829919,0.136448
51912829,180.01,PC,14.2984,-67.496272,9.481,0.02,1325.897913,0.000328,0.835398,9.00E-06,1.480314,0.020716
76923707,181.01,PC,352.171955,-34.491371,10.411,0.019,1358.118127,0.000495,4.532037,0.000161,2.373894,0.052422
76989773,182.01,PC,353.294594,-35.463618,9.623,0.019,1355.082723,0.000254,1.769141,3.10E-05,1.958463,0.019511
183979262,183.01,PC,21.649233,-72.749038,8.273,0.019,1326.104287,0.000147,3.430776,1.50E-05,3.130096,0.008128
300871545,184.01,PC,117.65759,-70.533607,10.025,0.018,1327.376627,0.000164,4.817028,2.60E-05,3.194467,0.008697
100100827,185.01,PC,24.354314,-45.677896,8.833,0.017,1354.458014,4.40E-05,0.941449,2.00E-06,2.15304,0.004752
279741379,186.01,PC,51.74676,-63.499154,6.95341,0.017139,1350.3,0.001598,NaN,NaN,2.497779,0.134082
260304296,187.01,PC,94.615669,-57.013569,9.093,0.019,1325.778915,0.000181,0.512589,3.00E-06,1.655647,0.013929
280830734,188.01,PC,44.555164,-70.760917,9.426,0.018,1325.777845,0.002426,1.162031,8.80E-05,1.172865,0.184116
278866211,189.01,PC,100.807855,-55.24454,10.218,0.018,1327.357534,0.000613,2.194097,4.10E-05,1.956189,0.036019
166739520,190.01,PC,36.775436,-50.284518,9.632,0.018,1357.571578,0.000478,10.020817,0.000175,5.79945,0.035616
183532609,191.01,PC,359.900305,-35.03139,9.109,0.019,1358.920239,0.000342,8.159165,0.000501,4.437074,0.026217
183537452,192.01,PC,357.879533,-39.906726,10.195,0.017,1356.414736,0.000268,3.922743,7.40E-05,2.616187,0.028454
183985250,193.01,PC,358.667547,-37.62802,9.098,0.018,1354.214863,0.000275,0.792072,1.50E-05,0.686972,0.078023
211438925,194.01,PC,5.160559,-23.935731,10.211,0.018,1356.565648,0.000383,4.899379,0.00013,3.342154,0.027737
230982885,195.01,PC,24.604344,-55.772082,9.956,0.018,1355.490416,0.000138,2.072761,2.00E-05,2.588325,0.012332
234519192,196.01,PC,14.551711,-64.761619,8.05,0.018,1354.30751,0.001705,1.163088,0.000126,1.805261,0.100137
441462736,197.01,PC,353.033649,-21.801397,7.303,0.017,1357.013115,0.004172,14.279001,0.006368,9.207214,0.29331
12421862,198.01,PC,2.2682,-27.1221,9.853,0.04,1356.375417,0.002301,20.427265,0.003312,2.178553,0.580092
309792357,199.01,PC,80.105474,-59.895662,10,0.019,1361.02496,NaN,NaN,NaN,7.305071,0.146667
410214986,200.01,PC,354.914556,-69.195787,7.771,0.018,1332.309957,NaN,8.1375,NaN,3.253514,0.111849
350618622,201.01,PC,87.401712,-54.910734,8.566,0.02,1376.05,NaN,NaN,NaN,4.070756,0.642487
355509914,202.01,PC,15.524836,-59.087778,14.587,0.019,1326.115925,0.002679,1.738316,0.000145,1.436749,0.172887
259962054,203.01,PC,43.0188,-67.6876,12.17,0.05,1327.729066,0.007615,51.953234,0.010389,6.315533,0.849625
281781375,204.01,PC,12.975211,-59.343014,9.197,0.019,1328.032557,0.005254,43.828624,0.007815,4.507978,0.499727
281575427,205.01,PC,7.975187,-56.965111,9.427,0.017,1326.336481,0.003776,4.251801,0.000517,3.333173,0.711858
55650590,206.01,PC,73.73719,-62.522369,12.472,0.036,1325.542781,0.00105,0.736283,2.90E-05,0.514185,0.352528
260271203,207.01,PC,94.218078,-58.229816,13.42,0.019,1330.09558,0.00071,5.64939,8.00E-05,3.897,0.199
314865962,208.01,PC,53.281311,-72.744226,10.315,0.019,1335.985928,0.005641,22.434498,0.004457,6.343609,0.787534
52204645,209.01,PC,19.394306,-66.902497,10.778,0.018,1325.883984,0.002528,4.379757,0.000333,1.651748,0.451224
141608198,210.01,PC,88.960448,-73.984659,12.507,0.017,1329.821358,0.003362,9.010138,0.000985,1.870258,0.304552
300293197,211.01,PC,110.279641,-68.578384,9.448,0.019,1329.255719,0.001078,6.563939,0.000169,1.679329,0.08334
206609630,212.01,PC,22.551,-59.5832,12.186,0.04,1325.491317,7.00E-05,0.335269,1.00E-06,0.71036,0.010057
234345288,213.01,PC,38.886663,-71.624147,9.697,0.017,1343.336546,0.002193,23.516847,0.003057,3.465851,0.37539
167415965,214.01,PC,99.460653,-70.932628,7.965,0.018,1336.68217,0.00393,18.55378,0.00112,3.643,0.453
231912935,215.01,PC,7.318019,-63.790619,10.475,0.018,1334.391185,0.003433,26.296721,0.004952,2.686196,0.577005
55652896,216.01,PC,73.980231,-63.260063,11.504,0.018,1331.28513,0.000867,34.539342,0.001153,5.503218,0.081042
55652896,216.02,PC,73.980231,-63.260063,11.504,0.018,1325.335632,0.00306,17.099142,0.001504,2.03145,0.243138
260043723,217.01,PC,91.608606,-58.953644,8.711,0.018,1327.066685,0.004616,3.13879,0.00045,4.90342,0.267827
32090583,218.01,PC,58.42027,-68.739532,13.551,0.064,1325.550345,0.001127,0.438317,1.80E-05,0.754144,0.153195
260609205,219.01,PC,97.453901,-57.254837,12.63,0.018,1328.754344,0.000912,4.461939,0.000134,5.361187,0.060268
150098860,220.01,PC,91.799884,-61.996896,9.656,0.018,1335.900564,0.002404,10.696823,0.001047,2.149557,0.321233
316937670,221.01,PC,356.4904,-56.3447,11.78,0.04,1325.342966,0.001421,0.62425,3.30E-05,0.774288,0.553938
144440290,222.01,PC,359.161519,-44.719088,8.723,0.017,1376.544,NaN,NaN,NaN,0.68,NaN
326453034,223.01,PC,339.677665,-25.631723,10.206,0.018,1355.95751,0.002649,14.445918,0.003833,1.533311,0.535725
70797900,224.01,PC,1.9774,-29.979,10.95,0.04,1365.843681,0.00024,NaN,NaN,1.881429,0.01978
47525799,225.01,PC,343.879737,-24.409619,10.948,0.018,1355.118503,0.004188,NaN,NaN,3.75,NaN
47484268,226.01,PC,342.9664,-24.7875,12.367,0.04,1358.500535,0.002621,NaN,NaN,2.67,NaN
2760710,227.01,PC,356.5277,-16.6912,14.277,0.059,1364.102069,0.002061,NaN,NaN,1.51,NaN
77044471,228.01,PC,358.558713,-30.012999,13.199,0.018,1356.102509,0.001335,2.686063,0.000249,2.424327,0.12317
120610833,229.01,PC,5.237503,-35.998265,11.438,0.018,1354.773398,0.000561,3.126068,0.000111,1.693783,0.0351
160074939,230.01,PC,346.319044,-36.945536,8.721,0.019,1366.329788,0.002965,13.340145,0.004364,4.611198,0.546755
204376737,231.01,PC,348.157236,-22.673953,11.409,0.019,1357.394512,0.000268,3.361021,6.30E-05,2.579176,0.022597
402026209,232.01,PC,353.562839,-42.061409,11.778,0.018,1355.184519,0.000153,1.338231,1.40E-05,2.157494,0.013812
415969908,233.01,PC,343.71,-18.9118,11.256,0.04,1365.263091,0.002808,11.665865,0.003883,2.010591,0.3316
12423815,234.01,PC,2.568707,-26.2824,14.569,0.018,1356.088115,0.001478,2.839249,0.00031,1.484886,0.106988
280095254,235.01,PC,46.196133,-73.396554,9.319,0.018,1357.283631,0.001122,20.180235,0.001623,1.69476,0.093836
9727392,236.01,PC,358.444723,-10.884944,11.239,0.019,1355.325711,0.000357,4.534451,0.000118,4.936391,0.025827
305048087,237.01,PC,353.2427,-29.4151,13.458,0.042,1355.24981,0.00261,5.433729,0.001053,1.172585,0.472631
9006668,238.01,PC,349.231362,-18.606628,9.897,0.018,1354.669184,0.002485,1.272419,0.000206,1.404112,0.309772
9725627,239.01,PC,358.408542,-10.118057,10.973,0.019,1356.962278,0.000995,4.15701,0.000336,3.959188,0.09311
101948569,240.01,PC,14.754696,-44.160832,10.593,0.019,1360.113171,0.003046,19.472408,0.004362,3.480887,0.452211
77031414,241.01,PC,354.168219,-34.611234,10.925,0.026,1355.195771,0.000212,1.386653,2.00E-05,2.289876,0.018571
120585579,242.01,PC,4.451491,-38.110851,12.452,0.018,1357.778211,0.000677,6.340315,0.000367,4.249306,0.056679
149010208,243.01,PC,3.394055,-31.334372,11.637,0.019,1356.619165,0.000719,3.437004,0.000173,4.271161,0.043736
118327550,244.01,PC,10.570615,-36.718138,10.317,0.017,1357.365444,0.00269,7.395586,0.001447,1.149398,0.538523
154618248,245.01,PC,345.77877,-33.500373,8.441,0.017,1361.546719,0.001358,8.773772,0.000994,1.035961,0.169075
158623531,246.01,PC,24.168162,-50.659178,11.192,0.018,1355.732521,0.000422,7.872846,0.000122,3.734301,0.037184
160148385,247.01,PC,1.046353,-47.360626,11.857,0.018,1354.319952,0.000573,3.425239,0.000133,2.44683,0.042511
201793781,248.01,PC,34.683547,-54.859771,8.445,0.02,1354.835774,0.001932,5.991198,0.000404,3.462171,0.240267
179985715,249.01,PC,14.080413,-38.948683,11.165,0.018,1359.540377,0.004044,6.613147,0.002144,2.248344,0.601013
184240683,250.01,PC,359.348992,-41.27715,11.502,0.018,1355.508203,0.000305,1.628393,3.40E-05,2.376132,0.027347
224225541,251.01,PC,353.061818,-37.25589,9.307,0.017,1357.305816,0.001781,4.937712,0.000733,2.196239,0.334344
237924601,252.01,PC,57.553578,-63.053777,11.624,0.019,1354.720066,0.000731,1.002192,2.80E-05,0.633253,0.247183
322063810,253.01,PC,14.317859,-51.584652,9.26511,0.017195,1355.612876,0.004283,3.515816,0.001043,2.001291,0.327831
49687222,254.01,PC,351.705496,-11.725416,9.794,0.02,1360.073308,0.002667,20.186539,0.003807,1.866565,0.909295
204317710,255.01,PC,346.075057,-21.271946,13.684,0.018,1355.983448,0.001755,2.812077,0.000324,2.856534,0.146208
92226327,256.01,PC,11.247108,-15.271294,11.238,0.07,1389.285282,0.002133,24.73712,0.00025,1.958295,0.190383
92226327,256.02,PC,11.247108,-15.271294,11.238,0.07,1389.293276,0.002136,3.778378,0.000784,1.028338,0.2879
200723869,257.01,PC,47.516558,-50.832418,7.012,0.017,1385.77602,0.00105,18.37073,0.0008,6.319,0.267
350445771,258.01,PC,85.46744,-56.740516,10.998,0.019,1326.800815,0.001485,3.190394,0.000106,1.806342,0.080928
12862099,259.01,PC,3.903156,-11.938108,12.333,0.018,1386.578118,0.000681,2.423823,0.000137,2.248401,0.054273
37749396,260.01,PC,4.773193,-9.964846,8.42928,0.017033,1392.294408,0.00257,13.470018,0.003236,1.998396,0.343922
63898957,261.01,PC,15.217632,-24.423907,9.02,0.02,1387.285571,0.002961,3.361391,0.000985,3.154215,0.649077
63898957,261.02,PC,15.217632,-24.423907,9.02,0.02,1389.727185,0.003037,13.039359,0.004316,4.921832,0.531445
70513361,262.01,PC,32.533514,-31.06986,8.083,0.018,1389.839926,0.001816,11.146909,0.002487,1.357828,0.278714
120916706,263.01,PC,37.1081,-25.0974,15.851,0.062,1386.172349,0.00147,0.556737,7.30E-05,0.852671,0.16541
122612091,264.01,PC,41.040001,-30.169041,10.452,0.018,1385.61513,0.00065,2.21685,5.00E-05,3.635,0.046
159951311,265.01,PC,49.562227,-41.302145,11.664,0.018,1387.5705,0.0006,5.92479,0.00015,2.769,0.065
164767175,266.01,PC,26.209635,-18.400947,9.433,0.019,1393.078739,0.003507,10.767807,0.004925,3.397389,0.758994
164767175,266.02,PC,26.209635,-18.400947,9.433,0.019,1392.104974,0.004409,6.19132,0.003482,3.4164,1.161866
166836920,267.01,PC,39.897688,-50.008005,8.923,0.018,1387.960271,0.00042,5.75244,0.000221,5.385902,0.035574
219253008,268.01,PC,65.915985,-53.850952,9.6,0.05,1385.12523,0.00131,5.06671,0.00023,6.037,0.094
220479565,269.01,PC,75.846109,-54.177194,12.27,0.018,1385.54129,0.00202,3.69799,0.00028,0.848,0.114
259377017,270.01,PC,68.4154,-51.9562,10.416,0.04,1389.502678,0.000944,5.660209,0.000747,1.668381,0.187213
259377017,270.02,PC,68.4154,-51.9562,10.416,0.04,1389.678659,0.001216,11.379126,0.001761,2.141425,0.228887
259377017,270.03,PC,68.4154,-51.9562,10.416,0.04,1387.092173,0.002446,3.359857,0.000804,1.371541,0.521477
259511357,271.01,PC,70.775334,-50.219614,8.412,0.021,1384.70394,0.00237,2.47603,0.00019,1.014,0.388
268766053,272.01,PC,31.909198,-20.661837,11.692,0.019,1386.231709,0.00046,3.30968,0.000124,2.283755,0.035981
279740441,273.01,PC,51.504634,-64.548553,11.461,0.06,1386.095087,0.001413,0.741859,8.90E-05,1.502696,0.119604
281979481,274.01,PC,130.504849,-75.801512,10.443,0.018,1386.381414,0.002218,0.542248,0.000106,1.014235,0.140909
373844472,275.01,PC,81.516837,-67.233034,10.975,0.019,1326.061419,0.000213,0.919476,4.00E-06,1.463932,0.021281
382188882,276.01,PC,81.352974,-55.019917,10.615,0.018,1387.759868,0.001184,4.800523,0.000607,2.058526,0.087929
439456714,277.01,PC,19.0772,-20.9522,11.681,0.04,1389.02917,0.001801,3.994244,0.000716,2.035741,0.136515
244161191,278.01,O,4.8831,-5.9113,13.099,0.059,1386.106592,0.000835,0.298746,2.30E-05,1.046606,0.071629
122613513,279.01,PC,41.188507,-32.210889,10.475,0.018,1388.368911,0.003707,11.489788,0.005252,2.589312,0.354276
42054565,280.01,PC,24.16871,-36.41367,9.957,0.018,1393.67584,0.003073,10.175948,0.004156,1.804196,0.939437
38696105,281.01,PC,66.1363,-60.129968,10.482,0.018,1387.482051,0.004646,5.566734,0.00248,2.473858,0.759529
29781292,282.01,PC,65.238019,-68.102664,8.932,0.017,1337.21241,0.003585,56.00327,0.005172,9.045741,0.320251
29781292,282.02,PC,65.238019,-68.102664,8.932,0.017,1355.735635,0.003949,31.323499,0.005843,3.073476,1.194923
382626661,283.01,PC,118.569575,-65.441521,9.649,0.019,1333.47461,0.00409,17.61744,0.00143,3.566,0.377
277103955,284.01,PC,84.25437,-66.791439,9.225,0.018,1326.41347,0.0077,1.30926,0.00016,2.76,0.406
220459976,285.01,PC,74.697149,-56.394049,12.113,0.018,1361.663925,0.004797,32.332528,0.006676,3.459632,0.786024
150030205,286.01,PC,90.983643,-60.666326,9.076,0.018,1327.82102,0.003063,4.511412,0.000323,1.867482,0.334433
2758565,287.01,PC,356.283124,-17.449174,12.284,0.018,1356.03117,0.00123,3.78192,0.00043,2.041,0.113
47316976,288.01,PC,340.307725,-28.032712,8.948,0.017,1364.46064,0.00204,NaN,NaN,6.204,0.866
201292545,289.01,PC,2.900495,-56.599656,11.393,0.018,1326.64586,0.00307,NaN,NaN,6.463,0.651
201233610,290.01,PC,359.516537,-49.300804,12.899,0.018,1360.59149,0.00195,NaN,NaN,4.478,0.235
49710555,291.01,PC,352.164383,-10.859566,12.248,0.019,1359.62204,0.00326,12.07397,0.00381,3.626,0.293
180285396,292.01,PC,14.713941,-36.68835,13.193,0.018,1363.14401,0.00301,10.3698,0.00451,2.272,0.21
355637190,293.01,PC,358.154472,-54.468865,11.004,0.018,1326.22108,0.00072,0.80546,2.00E-05,1.189,0.183
188570092,294.01,PC,339.026294,-16.999954,11.386,0.033,1358.78126,0.0011,7.32829,0.00054,2.939,0.201
327952677,295.01,PC,359.091748,-13.271651,12.058,0.019,1356.40432,0.00113,3.39656,0.00028,2.094,0.301
382463648,296.01,PC,353.104835,-45.909528,13.042,0.018,1355.52978,0.00317,12.62733,0.00201,3.523,0.346
115242351,297.01,PC,6.176856,-36.114396,13.006,0.018,1358.77289,0.0076,5.67116,0.00336,1.783,0.722
206686292,298.01,PC,344.060677,-34.361099,12.708,0.018,1354.35602,0.0016,1.32901,0.00014,1.756,0.123
156075294,299.01,PC,10.594603,-48.29355,12.243,0.018,1354.69581,0.0036,5.72144,0.0012,4.069,0.758
166697854,300.01,PC,35.737327,-53.070244,10.481,0.02,1354.42965,0.00237,2.75753,0.00046,1.376,0.164
144301052,301.01,PC,354.297494,-42.010266,12.017,0.018,1356.92824,0.00631,3.74317,0.00187,2.781,0.369
229111835,302.01,PC,17.480755,-52.239441,12.829,0.019,1356.68237,0.00169,6.70145,0.00101,1.579,0.172
145750719,303.01,PC,341.364029,-14.991761,11.972,0.018,1357.55952,0.00192,3.56133,0.00058,3.763,0.245
262530873,304.01,PC,20.494044,-44.416756,12.466,0.018,1356.28606,0.00539,2.24172,0.00091,3.989,0.304
102030574,305.01,PC,15.844683,-44.705807,12.26,0.018,1364.10083,0.00074,9.94962,0.00096,4.23,0.32
114749636,306.01,PC,359.191553,-22.153163,11.708,0.018,1357.67041,0.00131,4.59971,0.0005,4.207,0.36
9100874,307.01,PC,350.578441,-22.67739,13.073,0.019,1357.84005,0.00352,6.16425,0.00199,2.432,0.244
281710229,308.01,PC,11.484669,-55.922574,11.645,0.018,1360.88042,0.00127,8.30985,0.00127,2.252,0.069
228507250,309.01,PC,358.039584,-15.80083,12.328,0.017,1360.01144,0.00171,6.15864,0.00127,2.146,0.318
175477257,310.01,PC,351.105838,-36.975983,12.357,0.018,1356.58788,0.00149,4.26938,0.00043,3.786,0.323
434105231,311.01,PC,354.33556,-13.455698,12.819,0.018,1354.99864,0.0005,0.79632,3.00E-05,1.175,0.051
180145006,312.01,PC,14.523299,-37.942514,12.208,0.018,1357.54535,0.00313,3.54148,0.00065,2.115,0.578
9102327,313.01,PC,350.779792,-19.419677,11.258,0.018,1354.54332,0.00351,3.2615,0.00086,2.233,0.211
316769613,314.01,PC,354.668235,-32.860621,11.098,0.018,1355.59503,0.00519,10.18242,0.00536,3.897,0.679
66356824,315.01,PC,12.076306,-32.119339,12.359,0.018,1355.60958,0.0027,1.77662,0.00036,1.297,0.21
8988289,316.01,PC,354.759305,-9.882061,12.996,0.019,1365.98759,9.00E-05,13.32379,0,2.561,0
402319411,317.01,PC,353.539987,-14.859942,12.888,0.018,1355.09217,0.00391,3.3262,0.00094,2.931,0.21
206352378,318.01,PC,355.015478,-53.039028,13.151,0.018,1327.33174,0.00117,3.74649,0.00014,2.118,0.27
389753172,319.01,PC,351.290954,-47.945505,12.63,0.018,1325.89923,0.00035,0.71356,1.00E-05,0.965,0.04
188593930,320.01,PC,345.522736,-16.359925,12.345,0.06,1354.27607,0.00343,1.46503,0.00029,1.145,0.252
175476629,321.01,PC,350.977728,-38.225709,12.794,0.018,1354.27156,0.00674,1.14057,0.00053,2.188,0.24
198077394,322.01,PC,63.825187,-56.253756,10.671,0.019,1355.68563,0.00157,3.99076,0.0005,3.752,0.622
251852984,323.01,PC,8.202822,-32.059327,13.272,0.018,1355.57459,0.00404,2.77422,0.0008,1.71,0.32
156002449,324.01,PC,8.481881,-50.729261,13.344,0.019,1357.7274,0.00166,5.2852,0.00063,4.869,0.145
66413476,325.01,PC,13.876994,-33.512212,11.884,0.018,1357.72126,0.00274,4.36924,0.0008,1.679,0.224
144336525,326.01,PC,356.114886,-46.866585,11.699,0.018,1354.25954,0.00091,0.24733,1.00E-05,0.499,0.063
206669860,327.01,PC,343.633006,-34.502741,13.402,0.018,1362.96027,0.00415,10.06378,0.00509,2.045,0.602
139357541,328.01,PC,349.487672,-43.92556,12.724,0.018,1355.80666,0.00294,4.47894,0.00109,1.311,0.229
169765334,329.01,PC,351.32088,-15.634658,10.653,0.018,1354.94883,0.01313,5.7018,0.00449,4.452,0.881
27966179,330.01,PC,358.751494,-22.538712,12.721,0.02,1355.6917,0.00101,4.27958,0.00034,2.499,0.276
262531275,331.01,PC,20.41931,-42.481733,12.963,0.019,1356.00813,0.00468,2.48421,0.00074,1.554,0.601
139285832,332.01,PC,348.058743,-44.876365,11.458,0.018,1325.80984,0.00201,0.77707,5.00E-05,1.408,0.218
224245334,333.01,PC,353.357466,-41.171509,11.474,0.019,1355.55844,0.00559,3.79069,0.00166,2.661,0.472
233964642,334.01,PC,36.498808,-63.64756,9.542,0.019,1325.44586,0.00138,17.91563,0.00097,1.974,0.059
41865539,335.01,PC,21.322323,-39.947812,12.287,0.018,1354.86627,0.00394,1.26092,0.0004,2.718,0.72
55452495,336.01,PC,70.670414,-64.885194,9.951,0.018,1328.46551,0.00026,8.85709,7.00E-05,0.403,0.053
155986102,337.01,PC,7.329948,-50.140124,11.944,0.018,1360.61731,0.00148,6.87168,0.00112,3.16,0.165
116156517,338.01,PC,7.709303,-40.573434,11.277,0.018,1357.37358,0.00139,5.36732,0.00057,4.569,0.544
69838258,339.01,PC,337.921602,-21.945681,12.041,0.018,1354.57336,0.00139,6.73069,0.00072,3.503,0.193
80439101,340.01,PC,11.747296,-44.369938,12.573,0.018,1361.05759,0.00237,7.42229,0.00093,6.432,0.37
33911302,341.01,PC,355.844948,-23.997888,13.249,0.019,1355.75117,0.00169,1.81383,0.00024,1.113,0.123
415969574,342.01,PC,342.170291,-18.520457,12.79,0.019,1362.57199,0.00281,10.45776,0.00388,3.148,0.289
66497310,343.01,PC,356.045314,-18.889502,12.357,0.033,1355.52155,0.00266,1.75649,0.00036,1.377,0.175
13023378,344.01,PC,347.053599,-28.007883,11.869,0.018,1358.25733,0.00177,6.06764,0.001,2.895,0.131
308208458,345.01,PC,5.696952,-34.39209,13.469,0.019,1362.15706,0.00301,11.22917,0.00294,2.893,0.302
118327533,346.01,PC,10.3445,-37.343003,12.688,0.019,1354.79225,0.00155,8.28154,0.00099,2.317,0.157
224271611,347.01,PC,354.489847,-36.571572,11.164,0.018,1355.18601,0.00428,4.0394,0.00109,0.749,0.196
70785910,348.01,PC,1.583606,-30.336272,12.169,0.018,1354.36474,0.00131,0.49486,4.00E-05,1.008,0.249
382474101,349.01,PC,12.274293,-52.046527,10.179,0.04,1354.56049,0.00043,2.65221,7.00E-05,3.791,0.221
199731190,350.01,PC,21.292013,-47.262926,12.306,0.018,1355.90325,0.00168,2.51276,0.00031,1.417,0.135
228381868,351.01,PC,357.580534,-17.077572,12.026,0.018,1356.67382,0.00242,3.46583,0.0006,3.878,0.143
47423120,352.01,PC,342.067496,-24.838607,10.948,0.018,1356.83006,0.0002,11.6235,0.00022,2.783,0.142
100099031,353.01,PC,24.272345,-46.945312,13.369,0.018,1355.02081,0.00302,1.29866,0.00028,2.017,0.459
100097716,354.01,PC,24.047739,-42.303771,11.321,0.027,1354.37712,0.0012,2.99995,0.00019,1.458,0.278
183593642,355.01,PC,17.888013,-36.709111,10.934,0.019,1355.08121,0.00204,1.03742,0.00014,0.783,0.295
369336146,356.01,PC,6.06998,-37.222073,12.977,0.018,1358.03764,0.00596,5.77014,0.00468,3.781,0.594
220016044,357.01,PC,32.321768,-48.484745,10.394,0.019,1354.34394,0.00449,0.93985,0.00032,0.923,0.415
321982642,358.01,PC,3.060934,-47.355409,12.827,0.018,1356.32633,0.00147,9.105,0.0012,1.806,0.196
80432617,359.01,PC,11.67308,-42.361801,12.239,0.031,1360.67423,0.01071,5.48403,0.00596,6.461,2.104
13023738,360.01,PC,347.084817,-29.590306,12.184,0.018,1354.97828,0.00649,8.05577,0.00291,2.835,0.4
144276942,361.01,PC,353.904034,-44.808807,11.853,0.018,1354.57959,0.0025,1.53533,0.00025,0.499,0.178
305048116,362.01,PC,353.238144,-28.319746,12.506,0.018,1357.85959,0.0039,7.11679,0.00192,1.979,0.298
262530780,363.01,PC,20.547259,-44.861946,12.871,0.018,1361.87743,0.00184,8.22393,0.00156,2.266,0.35
47425697,364.01,PC,342.256131,-24.959275,10.431,0.018,1354.46949,0.00517,0.49393,0.00018,0.89,0.395
118586896,365.01,PC,10.922291,-38.043195,13.209,0.018,1365.97342,0.00173,12.10588,0.00208,3.393,0.157
251878904,366.01,PC,9.691992,-34.214912,13.475,0.018,1354.48285,0.00494,1.70429,0.00049,1.933,0.588
9033144,367.01,PC,349.606182,-19.823931,9.713,0.018,1354.29153,0.00156,4.71452,0.00057,3.317,0.138
77031413,368.01,PC,354.170142,-34.611816,11.442,0.018,1355.1953,0.0003,1.38665,3.00E-05,2.289,0.042
175482273,369.01,PC,351.229222,-38.160736,9.054,0.019,1354.34549,0.00064,5.46349,0.00032,2.973,0.259
251855940,370.01,PC,8.659667,-32.166524,13.465,0.018,1354.28979,0.00112,4.04655,0.00038,2.993,0.292
156016136,371.01,PC,8.923843,-50.316982,12.609,0.018,1357.43733,0.00297,3.4805,0.00073,2.24,0.183
441075486,372.01,PC,359.759017,-15.612006,11.954,0.018,1354.76663,0.00045,1.12026,3.00E-05,2.118,0.034
9032368,373.01,PC,355.901887,-11.269515,13.21,0.018,1355.67942,0.00364,1.632,0.00042,1.466,0.341
183675732,374.01,PC,358.227493,-41.700497,12.93,0.018,1356.62212,0.00294,5.4823,0.0015,3.914,0.225
280097543,375.01,PC,47.150091,-77.383278,10.387,0.019,1329.29739,0.01149,9.44859,0.00358,10.058,1.046
144301273,376.01,PC,354.445491,-42.966404,12.386,0.018,1355.44295,0.00138,2.75161,0.00024,1.697,0.278
139285736,377.01,PC,348.039807,-45.017154,11.896,0.018,1326.05107,0.0011,1.55028,5.00E-05,1.571,0.085
20892672,378.01,PC,1.39897,-19.489429,12.378,0.127,1356.50088,0.00214,3.10926,0.00045,2.506,0.221
220396259,379.01,PC,68.891565,-56.138684,9.894,0.019,1354.7083,0.0025,0.91693,0.00013,1.463,0.183
100014359,380.01,PC,23.280468,-47.882043,13.405,0.019,1354.38198,0.00069,0.50459,2.00E-05,1.339,0.12
207084429,381.01,PC,22.756615,-51.215438,7.186,0.019,1356.07033,0.00392,4.89388,0.00156,2.789,0.348
229091748,382.01,PC,3.79769,-46.272415,12.66,0.018,1354.59152,0.00135,0.4568,4.00E-05,0.548,0.067
167418898,383.01,PC,99.609505,-67.656173,10.179,0.018,1335.77232,0.00124,10.98042,0.00025,1.729,0.307
155995204,384.01,PC,7.658508,-52.049388,13.481,0.019,1357.58381,0.00235,9.30734,0.00218,4.683,0.274
300810086,385.01,PC,116.814028,-69.0307,8.983,0.017,1326.06183,0.00173,0.66797,4.00E-05,0.769,0.241
238059180,386.01,PC,104.138389,-53.545486,9.97,0.018,1356.21389,0.00392,5.112,0.00132,1.27,0.455
92359850,387.01,PC,52.225563,-19.97976,9.608,0.018,1411.50406,0.00121,4.15493,0.00034,2.806,0.148
422655579,388.01,PC,29.263334,0.758835,10.141,0.018,1413.14271,0.00101,2.90326,0.00022,4.996,0.057
271900960,389.01,PC,112.941801,-75.527428,8.252,0.017,1330.37074,0.00386,13.45913,0.00113,3.428,0.388
250386181,390.01,PC,30.114395,-4.985569,9.88,0.019,1412.37337,0.001,1.47043,0.0001,1.176,0.109
382391899,391.01,PC,43.688073,-10.89808,11.008,0.018,1411.0936,0.00027,1.95512,3.00E-05,1.595,0.091
328350926,392.01,PC,46.931654,0.861311,8.253,0.018,1411.599,0.00022,0.84907,1.00E-05,1.358,0.03
29960109,393.01,PC,42.2493,-14.5379,10.72,0.219,1411.66942,0.00298,2.49221,0.00061,1.605,0.221
9858404,394.01,PC,48.499528,-8.573568,7.956,0.019,1411.26947,0.00101,0.39149,2.00E-05,0.746,0.167
38541473,395.01,PC,56.304548,-10.973384,10.781,0.036,1415.51522,0.00173,6.06054,0.00116,2.59,0.239
178155732,396.01,PC,42.984364,-30.814529,5.91,0.019,1384.08418,0.00331,3.5873,0.00046,2.457,0.291
219379012,397.01,PC,76.833821,-48.115925,10.209,0.019,1412.48913,0.00312,1.54683,0.00029,1.156,0.232
1129033,398.01,PC,37.155148,-7.060682,9.502,0.017,1412.34503,0.00011,1.36003,1.00E-05,2.074,0.024
219388773,399.01,PC,77.047581,-50.858766,10.626,0.019,1412.39194,0.00698,1.57111,0.0006,1.134,0.261
35857242,400.01,PC,41.63909,-0.463937,11.263,0.018,1413.31319,0.00094,3.6349,0.00021,3.853,0.113
259701242,401.01,PC,74.466266,-53.817906,8.206,0.018,1384.17554,0.00571,2.4861,0.0005,2.304,0.294
120896927,402.01,PC,36.868245,-27.635184,8.265,0.017,1387.67761,0.00429,4.75649,0.00063,2.29,0.384
257567854,403.01,PC,52.818043,-23.819696,11.164,0.018,1411.90242,0.0007,3.53272,0.00017,3.381,0.066
166833457,404.01,PC,58.428804,-34.328198,12.315,0.019,1413.16667,0.00058,2.96273,0.00012,1.682,0.081
176984236,405.01,PC,101.909386,-66.328353,10.539,0.018,1326.54565,0.00069,1.75617,2.00E-05,1.784,0.239
153065527,406.01,PC,49.2624,-42.2424,11.222,0.04,1388.56658,0.00433,13.17363,0.00243,2.199,0.638
349518800,407.01,PC,111.211769,-62.092491,12.705,0.018,1326.66101,0.00166,2.16555,6.00E-05,3.471,0.147
176778112,408.01,PC,47.827948,-35.628053,9.572,0.019,1411.5384,0.00144,1.33919,0.00014,1.128,0.325
167754523,409.01,PC,104.18169,-60.68697,9.083,0.017,1326.31473,0.00703,1.69992,0.00019,1.788,0.331
206466531,410.01,PC,56.815204,-52.98515,9.992,0.018,1384.6552,0.00246,1.42748,0.00011,1.839,0.144
100990000,411.01,PC,54.819851,-42.762575,7.74,0.019,1386.18895,0.00691,9.57219,0.00255,3.304,0.765
7624182,412.01,PC,64.311397,-38.844151,8.768,0.019,1411.822,0.00129,1.10801,0.00011,1.368,0.142
170634116,413.01,PC,66.370903,-30.600444,9.675,0.018,1412.89287,0.00026,3.66242,7.00E-05,3.614,0.063
325680697,414.01,PC,36.853348,-12.038913,9.125,0.02,1411.51868,0.00038,1.82487,4.00E-05,1.83,0.05
152476657,415.01,PC,62.616051,-45.898221,10.551,0.018,1411.72779,0.00117,3.61194,0.00031,3.157,0.109
49899799,416.01,PC,48.854273,-2.175283,8.259,0.018,1413.19546,0.00033,7.01152,0.00016,4.588,0.062
339733013,417.01,PC,110.852026,-58.696747,10.038,0.018,1328.3763,0.00436,5.62145,0.00035,2.192,0.324
178284730,418.01,PC,60.385614,-20.451086,10.261,0.019,1412.69841,0.00033,2.23595,4.00E-05,1.32,0.118
279251651,419.01,PC,104.1553,-59.1833,10.521,0.04,1354.46663,0.00143,0.40387,1.00E-05,1.022,0.096
